t,xPred,yPred,headPred,xPrey,yPrey
0.002,2.3100236536017,3.03341331974697,2.488006984566,0.073553264378807,2.68962688445717
0.004,2.30884087813117,3.03462437093353,2.48774209510017,0.0734828366185149,2.68950738861674
0.006,2.30765097053952,3.03570063369654,2.48746680681867,0.0734122044034658,2.68938754889611
0.008,2.30644395152298,3.03649726716691,2.48715240668612,0.0733407708362162,2.68926612873866
0.01,2.30521260461245,3.03698208466346,2.48674308980419,0.0732675522979577,2.68914112515731
0.012,2.30396029595007,3.037250465312,2.48616783715299,0.0731915720409778,2.68901088401356
0.014,2.30270070970329,3.03747033906773,2.48534770627875,0.0731122540120914,2.68887441631577
0.016,2.3014330168139,3.03771509643513,2.48420604561852,0.0730295095844315,2.68873144975214
0.018,2.30014179770628,3.0379563838762,2.48269324542457,0.0729437478515089,2.68858248263714
0.02,2.29881349400291,3.03829348959626,2.48083213026855,0.0728558863551111,2.68842884037528
0.022,2.29746124089812,3.03914270396513,2.47871438950286,0.0727672084729766,2.68827286763708
0.024,2.29607583714731,3.04067208379163,2.47651483357521,0.0726787983390031,2.68811798891952
0.026,2.29461804615796,3.04265580495147,2.47452963620564,0.0725915523266256,2.68796690241961
0.028,2.29302760483649,3.04466469487451,2.47320617622301,0.0725062289315756,2.68782164106018
0.03,2.29123272361624,3.04636213240478,2.47315227455768,0.0724234600763394,2.68768376545675
0.032,2.2891686878509,3.04760132394115,2.47506316999984,0.0723437621678796,2.68755442121823
0.034,2.28680600513995,3.0485312650634,2.47971241837105,0.0722675468263824,2.68743439335627
0.036,2.2841061830586,3.04904435946712,2.48794427563535,0.0721951312177918,2.68732415734697
0.038,2.28102060148356,3.04878758281323,2.50063077531832,0.0721267479364957,2.68722392653147
0.04,2.27750803865717,3.04734574619335,2.51859816903885,0.0720625543967948,2.68713369566423
0.042,2.27355468595928,3.04433055990962,2.54253963737238,0.0720026417027722,2.68705328052195
0.044,2.26918866618917,3.03950634254443,2.57287792370398,0.0719470429759437,2.68698235357261
0.046,2.26447266826664,3.03264799567543,2.60969680283618,0.0718957411286889,2.68692047577494
0.048,2.25951567628626,3.02373138559794,2.65276757088424,0.0718486760789968,2.68686712463583
0.05,2.25446222253778,3.01294898867673,2.70161051558702,0.0718057514085863,2.68682171869721
0.052,2.2494749315268,3.00059094123723,2.75559399962068,0.0717668404720554,2.68678363865733
0.054,2.24471766879337,2.98706244401638,2.81402455976779,0.0717317919694363,2.68675224535474
0.056,2.24033826017759,2.97275211611056,2.87618962481055,0.0717004349984701,2.68672689485865
0.058,2.23645797001331,2.95777887471309,2.94135125336157,0.0716725836061244,2.68670695091716
0.06,2.23318325365216,2.94231709655579,3.00865925073288,0.0716480408614297,2.68669179501696
0.062,2.2305978347974,2.9265868147628,3.0771096990523,0.0716266024736784,2.68668083430544
0.064,2.22876734880313,2.91089831650123,3.14562727413621,0.0716080599814577,2.68667350761893
0.066,2.22772308345586,2.89542829896514,3.21319161142968,0.0715922035389596,2.68666928985104
0.068,2.22746556197991,2.88031120138148,3.27894074342841,0.0715788243265537,2.68666769488257
0.07,2.22797130110127,2.86568450122031,3.34222018402201,0.071567716612803,2.68666827728025
0.072,2.22919450309303,2.85168356726072,3.40256062671775,0.071558679494972,2.68667063295641
0.074,2.23106383196407,2.83838182881687,3.45965902263342,0.071551518344685,2.68667439896541
0.076,2.23348280407847,2.82571184151719,3.51334654335875,0.0715460459847735,2.68667925259667
0.078,2.23635071528203,2.81379957881939,3.56355672920784,0.0715420836225399,2.68668490990767
0.08,2.23955532401288,2.8028439131644,3.61027723482692,0.071539461563706,2.68669112382464
0.082,2.24296264126213,2.79301167284082,3.65352906788363,0.0715380197302315,2.6866976819232
0.084,2.24643748644372,2.78454000811158,3.69334472015495,0.0715376080040082,2.68670440398681
0.086,2.24986273259243,2.77788246770936,3.72972251930505,0.0715380864171959,2.68671113942701
0.088,2.2531334038353,2.77349594146228,3.76263105290782,0.0715393252086746,2.68671776463696
0.09,2.25616754156902,2.77184758407333,3.79204046885604,0.0715412047647723,2.68672418033793
0.092,2.25890158543732,2.77323277495114,3.81795204145558,0.071543615461109,2.68673030896774
0.094,2.26130372614108,2.77758791897065,3.84043756968236,0.0715464574210803,2.68673609215051
0.096,2.26336447504524,2.78377674243329,3.85964763223675,0.0715496402052102,2.68674148827868
0.098,2.26508935783138,2.78961887799863,3.87578581489888,0.0715530824443401,2.68674647023035
0.1,2.26651849269122,2.79352478825899,3.88910622717319,0.0715567114283972,2.68675102323867
0.102,2.26772361377478,2.79459895731902,3.89990781953967,0.0715604626613091,2.68675514292409
0.104,2.26879874425502,2.79232591987232,3.90852397920806,0.0715642793915088,2.68675883349542
0.106,2.26985229519744,2.7864606400409,3.91531073911029,0.0715681121264105,2.68676210612153
0.108,2.27099999022654,2.77694244353662,3.92063395545651,0.0715719181382282,2.68676497747223
0.11,2.27235792196999,2.76399844529736,3.9248354602802,0.0715756609675723,2.68676746842391
0.112,2.27403499879143,2.74827992992874,3.92821260056923,0.071579309930378,2.68676960292347
0.114,2.27612403859199,2.73122129339808,3.93101262132374,0.0715828396329068,2.68677140700239
0.116,2.27868258401707,2.7149679093076,3.93341706780239,0.071586229498814,2.68677290793154
0.118,2.28168639823107,2.70072353246148,3.93554761801602,0.0715894633115868,2.68677413350641
0.12,2.28501293180512,2.68877490620886,3.93745556309727,0.0715925287750328,2.68677511145221
0.122,2.28845493541613,2.6786955903238,3.93913299713428,0.0715954170939333,2.68677586893767
0.124,2.29170738402448,2.66975852712318,3.9405489354725,0.0715981225764652,2.68677643218685
0.126,2.29433729838198,2.66160792097684,3.94165721797297,0.0716006422595418,2.68677682617803
0.128,2.29585369619776,2.65556477793674,3.94241186404383,0.0716029755578192,2.68677707441951
0.13,2.29621784623853,2.65199155814704,3.94278689379897,0.0716051239367597,2.68677719879235
0.132,2.29594872138395,2.64988578980026,3.94278873280712,0.0716070906098367,2.68677721945084
0.134,2.29547811072788,2.6484961325252,3.94247729357771,0.0716088802596957,2.68677715477202
0.136,2.29499551801045,2.64758899139969,3.94195108296901,0.0716104987828614,2.68677702134631
0.138,2.29458268947114,2.64694024231282,3.9413064485133,0.0716119530573894,2.68677683400197
0.14,2.29476808592704,2.64529878539793,3.94062376453334,0.0716132507327008,2.68677660585686
0.142,2.29596108695807,2.64163680948315,3.9399605384869,0.0716144000407134,2.68677634839159
0.144,2.29826105018484,2.6356402604968,3.93936991240869,0.0716154096272797,2.68677607153895
0.146,2.30144125242586,2.62790307996543,3.93883265649943,0.0716162884028684,2.68677578378498
0.148,2.30490132698158,2.61983395702704,3.93830469154518,0.0716170454113699,2.6867754922778
0.15,2.30779547575296,2.61333658579568,3.93773917099179,0.0716176897158722,2.6867752029409
0.152,2.30950481156445,2.60935295611613,3.93712952196521,0.0716182303002373,2.68677492058789
0.154,2.3093970736034,2.60821805068527,3.93649074272499,0.0716186759853032,2.68677464903658
0.156,2.3072606880189,2.60934756447775,3.9358428094375,0.0716190353585484,2.68677439122024
0.158,2.30322338943143,2.61155246435599,3.9351832493196,0.0716193167160743,2.68677414929478
0.16,2.29727208608129,2.61439162580552,3.93448173122394,0.071619528015795,2.68677392474044
0.162,2.28985513195289,2.6171188562128,3.93368378947579,0.0716196768407563,2.68677371845734
0.164,2.28196151279384,2.61855915443133,3.93274941404131,0.071619770371554,2.68677353085412
0.166,2.27436120357449,2.61825379060713,3.93165970859377,0.0716198153668679,2.68677336192944
0.168,2.26744966648888,2.61661533594335,3.93042508821439,0.0716198181511782,2.68677321134616
0.17,2.26132130581784,2.61473764318734,3.92907982938408,0.0716197846087915,2.68677307849803
0.172,2.25590463291869,2.61321739084326,3.92767408481856,0.0716197201833512,2.68677296256932
0.174,2.25096908532548,2.61216980748544,3.92625681661276,0.0716196298820728,2.68677286258732
0.176,2.24625086731123,2.61198577374414,3.92482615578396,0.0716195182839951,2.68677277746825
0.178,2.24204484523295,2.612375498917,3.92335542180185,0.0716193895515984,2.68677270605682
0.18,2.23863394715987,2.61300729635776,3.92182206792624,0.0716192474451955,2.68677264715993
0.182,2.23618439322047,2.61314194766407,3.92021489286852,0.0716190953395541,2.68677259957502
0.184,2.23469351849499,2.61248531599838,3.91852064813339,0.0716189362422633,2.68677256211336
0.186,2.23397270813548,2.61134357910583,3.91673133106326,0.0716187728134059,2.68677253361898
0.188,2.23362432836492,2.61024729994729,3.9148837414339,0.0716186073861443,2.68677251298353
0.19,2.23306328138545,2.60990517613047,3.91303778301909,0.0716184419878769,2.68677249915762
0.192,2.23184087690843,2.61028705660019,3.91123941201544,0.0716182783616594,2.68677249115903
0.194,2.23030737938555,2.61083208087339,3.90954935133384,0.0716181179876286,2.68677248807826
0.196,2.2288211928777,2.61115023617258,3.90802277062021,0.071617962104203,2.68677248908172
0.198,2.22750325703061,2.61116534840249,3.90670554637316,0.071617811728865,2.68677249341305
0.2,2.22624653542106,2.61114507337021,3.90562405536232,0.0716176676783663,2.68677250039273
0.202,2.2247493520795,2.61154115207919,3.90473655483245,0.0716175305882228,2.68677250941642
0.204,2.22259792418582,2.61207983014479,3.9039973652418,0.0716174009313923,2.68677251995225
0.206,2.2194657976056,2.6125404343791,3.90336544400669,0.071617279036053,2.68677253153732
0.208,2.21588532023852,2.61254243008488,3.90280140146435,0.0716171651024202,2.68677254377349
0.21,2.21244429925629,2.61184887435033,3.9022684723112,0.0716170592185591,2.68677255632291
0.212,2.20952870675512,2.610407052628,3.90172793621667,0.0716169613751665,2.68677256890314
0.214,2.20731161256749,2.60809397038086,3.9011411163356,0.0716168714793103,2.68677258128228
0.216,2.20576363728665,2.6048406892223,3.90046741251413,0.0716167893671275,2.68677259327393
0.218,2.2046673332949,2.60074395473413,3.89967026775141,0.0716167148154926,2.68677260473238
0.22,2.20362743803008,2.59616667833003,3.89874842464409,0.0716166475526767,2.68677261554785
0.222,2.2020701653798,2.59182375033753,3.89771234120814,0.0716165872680276,2.68677262564197
0.224,2.19945631498211,2.58852569364839,3.89659887166261,0.0716165336207039,2.68677263496353
0.226,2.19599974720229,2.58655929380001,3.89544184771271,0.0716164862475052,2.68677264348446
0.228,2.19200094637855,2.58622268761891,3.89426765750768,0.0716164447698408,2.68677265119618
0.23,2.1877538424619,2.58701645804394,3.89309086741669,0.0716164087998851,2.68677265810622
0.232,2.18354668354119,2.58769613883473,3.89192110294023,0.071616377945968,2.68677266423517
0.234,2.17958221754093,2.58751714140464,3.89075278523918,0.0716163518172508,2.68677266961396
0.236,2.1759717812248,2.58641487312111,3.88958368265214,0.0716163300277381,2.68677267428141
0.238,2.17272791706141,2.58461590022472,3.88841628607381,0.0716163121996766,2.68677267828213
0.24,2.16977949653231,2.58286835397816,3.88725591694861,0.0716162979663908,2.68677268166467
0.242,2.16701748279277,2.58225706430777,3.88610492752197,0.0716162869746039,2.68677268447992
0.244,2.1644128956791,2.58298906417953,3.88495700439524,0.0716162788862927,2.68677268677977
0.246,2.16202648869953,2.5843325476012,3.88379751378057,0.0716162733801209,2.68677268861602
0.248,2.15989385433229,2.58558475250195,3.8826268569557,0.0716162701524957,2.68677269003942
0.25,2.15800790918197,2.5863891490502,3.88144676857975,0.071616268918289,2.68677269109901
0.252,2.15633270432192,2.58661947000191,3.88026033701926,0.0716162694112619,2.68677269184148
0.254,2.15481567016716,2.58647381353514,3.87906496017755,0.0716162713842312,2.68677269231081
0.256,2.15339851533586,2.58650594195304,3.87785349237649,0.0716162746090102,2.68677269254792
0.258,2.15205179918261,2.58731115619177,3.87661315297983,0.0716162788761582,2.68677269259052
0.26,2.15084997878194,2.58853540046738,3.87532767338017,0.071616283994566,2.68677269247302
0.262,2.14987304953364,2.58964155465685,3.8739795157589,0.0716162897909069,2.68677269222647
0.264,2.14918131561575,2.59018999415758,3.87255521232019,0.0716162961089759,2.68677269187862
0.266,2.14882164775485,2.58992494722726,3.87104429490961,0.0716163028089412,2.68677269145407
0.268,2.14883190966377,2.58867984906388,3.86944996920241,0.071616309766527,2.6867726909743
0.27,2.14924324501799,2.58650484880932,3.86779894982269,0.0716163168721475,2.68677269045793
0.272,2.1500717470441,2.58362625268416,3.86613815386831,0.0716163240300058,2.68677268992088
0.274,2.15128285733838,2.58003919275662,3.8645289367994,0.0716163311571743,2.68677268937653
0.276,2.15277781056533,2.57551805873631,3.863028005546,0.0716163381826678,2.68677268883601
0.278,2.15438590252318,2.5699263717218,3.86168124323664,0.0716163450465199,2.68677268830835
0.28,2.15585499873874,2.56355519064738,3.86055594338089,0.0716163516988728,2.68677268780071
0.282,2.1568413986509,2.55733464611737,3.85972514614845,0.0716163580990881,2.68677268731862
0.284,2.15701592377567,2.55247427268644,3.85923866147277,0.0716163642148838,2.68677268686613
0.286,2.15640356550412,2.54903145605444,3.85908537492953,0.0716163700215052,2.68677268644602
0.288,2.15502842136133,2.54775933055848,3.8591903904277,0.0716163755009314,2.68677268606001
0.29,2.15281886747002,2.54985449389706,3.85940110065152,0.0716163806411224,2.68677268570887
0.292,2.14983052635145,2.55497719418977,3.85949522772658,0.0716163854353085,2.68677268539263
0.294,2.14633458106803,2.56122752616868,3.85917076658038,0.0716163898813231,2.68677268511065
0.296,2.14256522042884,2.56708830559932,3.85800436196017,0.071616393980981,2.68677268486182
0.298,2.13866793900219,2.57190994342026,3.85545089898655,0.0716163977395016,2.68677268464463
0.3,2.13472377599028,2.57577135951291,3.85085695952225,0.0716164011649761,2.68677268445726
0.302,2.13076622115123,2.57921149181268,3.84347637958459,0.0716164042678803,2.6867726842977
0.304,2.12677378423399,2.58267244913573,3.83250673849433,0.0716164070606298,2.68677268416378
0.306,2.12268740159558,2.58646938720885,3.81716009070947,0.071616409557177,2.68677268405329
0.308,2.11843633951071,2.59087881326639,3.7967598388717,0.0716164117726482,2.68677268396397
0.31,2.1139647180994,2.59609824348893,3.77084799940781,0.0716164137230196,2.6867726838936
0.312,2.10925085465903,2.60226620283693,3.73925609656652,0.0716164154248296,2.68677268384003
0.314,2.10430330639618,2.60941791467441,3.70211534918207,0.071616416894925,2.68677268380118
0.316,2.099174909164,2.61764891872466,3.65982204229739,0.0716164181502401,2.6867726837751
0.318,2.09395358967471,2.62712942294934,3.61300731734284,0.0716164192076053,2.68677268375993
0.32,2.08874607993828,2.63788740406517,3.56248756853569,0.0716164200835842,2.68677268375399
0.322,2.08366221282184,2.64959313192551,3.50923074097703,0.0716164207943359,2.6867726837557
0.324,2.07880735528612,2.6617006187133,3.45431707415224,0.0716164213555008,2.68677268376367
0.326,2.0742987374098,2.67383707784874,3.39888293953879,0.0716164217821083,2.6867726837766
0.328,2.07025559523334,2.68578428885338,3.34406500650966,0.0716164220885035,2.68677268379338
0.33,2.066778840128,2.69730037234177,3.29095182704699,0.0716164222882914,2.686772683813
0.332,2.06393596570961,2.70790808896613,3.24054393870547,0.0716164223942975,2.6867726838346
0.334,2.06176701626743,2.71701352010951,3.1937105116115,0.0716164224185406,2.68677268385743
0.336,2.06027002143821,2.72381671164418,3.15112435902856,0.0716164223722197,2.68677268388085
0.338,2.05940680566855,2.72758579664569,3.11326752502456,0.07161642226571,2.68677268390435
0.34,2.05911271814991,2.727962755015,3.08041502300333,0.071616422108569,2.68677268392748
0.342,2.0592940590067,2.72520352726434,3.05260851446937,0.0716164219095501,2.6867726839499
0.344,2.05979716214094,2.72016498959727,3.02967938807811,0.0716164216766226,2.68677268397132
0.346,2.06039092652589,2.71462300425709,3.01129156512265,0.0716164214169975,2.68677268399155
0.348,2.06082965254608,2.71063017466011,2.99700445219942,0.0716164211371577,2.68677268401043
0.35,2.06112929773227,2.70858519568659,2.98633598673843,0.0716164208428911,2.68677268402787
0.352,2.06131770803061,2.70877574761417,2.97880982158242,0.0716164205393275,2.68677268404382
0.354,2.06157256523377,2.7092300111537,2.97396468715215,0.0716164202309758,2.68677268405825
0.356,2.06196483347662,2.70907613609626,2.97132948660455,0.0716164199217642,2.68677268407119
0.358,2.06246526361807,2.70849317856054,2.97044208451341,0.0716164196150793,2.68677268408267
0.36,2.06329579321065,2.70571502311426,2.9708632622997,0.0716164193138067,2.68677268409275
0.362,2.06452277860926,2.70005754248218,2.97219031820638,0.0716164190203706,2.68677268410149
0.364,2.06601862648891,2.69220573484345,2.97409101862022,0.0716164187367727,2.68677268410899
0.366,2.06774205428754,2.68158322499801,2.9763108243255,0.0716164184646305,2.68677268411533
0.368,2.06939100697355,2.66940153170519,2.97865010444686,0.0716164182052137,2.68677268412061
0.37,2.07040005900958,2.65882563351166,2.98097693672243,0.0716164179594797,2.68677268412493
0.372,2.07045709767214,2.65142791610181,2.98320295610466,0.0716164177281074,2.68677268412838
0.374,2.06945597699762,2.64628466055201,2.98531013436384,0.0716164175115287,2.68677268413105
0.376,2.06746334151579,2.641394630434,2.98731099345734,0.0716164173099589,2.68677268413305
0.378,2.06436289611761,2.63728320034751,2.98923979401815,0.0716164171234245,2.68677268413445
0.38,2.06032933055376,2.63419097015087,2.99112380675053,0.0716164169517893,2.68677268413533
0.382,2.05581527590269,2.63125279405249,2.99295384671213,0.0716164167947792,2.68677268413579
0.384,2.05113248046971,2.62734822160279,2.99473043341905,0.0716164166520036,2.68677268413587
0.386,2.04625023786579,2.62435631444288,2.99648069550403,0.0716164165229765,2.68677268413566
0.388,2.04108910064764,2.6247013960132,2.99825486154266,0.0716164164071347,2.68677268413521
0.39,2.03554433415863,2.63001236046754,3.00012209725879,0.0716164163038547,2.68677268413456
0.392,2.02968404110677,2.64074827981544,3.00211235999382,0.0716164162124675,2.68677268413377
0.394,2.02362036657565,2.65622853947374,3.00421054589061,0.0716164161322722,2.68677268413288
0.396,2.01754730567363,2.67422416922109,3.00639128312994,0.0716164160625481,2.68677268413191
0.398,2.01187027361344,2.69147568312365,3.0086371139652,0.0716164160025646,2.68677268413091
0.4,2.00688283644312,2.7062697008949,3.01091308320563,0.0716164159515907,2.6867726841299
0.402,2.00307474013325,2.71597815808346,3.01318234738846,0.0716164159089026,2.68677268412889
0.404,2.00071098962743,2.71961262120077,3.01537330520479,0.0716164158737904,2.6867726841279
0.406,1.99969983189049,2.7185938130383,3.01740160967795,0.0716164158455636,2.68677268412695
0.408,1.99967399660445,2.71540779365941,3.01919222913682,0.0716164158235557,2.68677268412605
0.41,2.00028570071704,2.71078268616033,3.02068953590404,0.071616415807128,2.68677268412521
0.412,2.00105904358749,2.70595480480154,3.02186457941295,0.071616415795672,2.68677268412442
0.414,2.0017240077339,2.70087165916268,3.02271589167131,0.0716164157886124,2.6867726841237
0.416,2.00193191129153,2.69627624791453,3.02324931497468,0.0716164157854076,2.68677268412304
0.418,2.00167946123274,2.69172946897432,3.02348692548368,0.0716164157855515,2.68677268412245
0.42,2.00082181769406,2.68772867018483,3.02346516078368,0.0716164157885734,2.68677268412192
0.422,1.99928837452452,2.6840304632827,3.02323969191485,0.071616415794038,2.68677268412146
0.424,1.99687439581439,2.68159191427439,3.02290920221487,0.0716164158015455,2.68677268412105
0.426,1.99384375025049,2.6791673116996,3.02260323144845,0.0716164158107302,2.6867726841207
0.428,1.99066441645867,2.67410081332358,3.02241673484331,0.0716164158212601,2.6867726841204
0.43,1.98743500409848,2.66636271931708,3.02238467521472,0.0716164158328354,2.68677268412015
0.432,1.98396283738282,2.65807532705679,3.02250589287617,0.0716164158451875,2.68677268411994
0.434,1.9804188049727,2.64995276081895,3.02275088587159,0.0716164158580768,2.68677268411977
0.436,1.97678351992659,2.64463339266099,3.02306392836922,0.071616415871292,2.68677268411964
0.438,1.97294435168272,2.64415522746522,3.02338988966366,0.0716164158846478,2.68677268411954
0.44,1.96885899242783,2.64908418252666,3.02369857108809,0.0716164158979833,2.68677268411947
0.442,1.96454742875363,2.6586049476529,3.02399563764168,0.0716164159111604,2.68677268411942
0.444,1.96025004751401,2.67056957118531,3.02429381130945,0.0716164159240623,2.68677268411939
0.446,1.95634828634277,2.68184460982673,3.02462404528312,0.071616415936591,2.68677268411938
0.448,1.95299697620403,2.69107430132693,3.02501626054843,0.0716164159486666,2.68677268411939
0.45,1.95025642232009,2.69675868993904,3.02547646280669,0.0716164159602249,2.6867726841194
0.452,1.94804818605274,2.69867222274885,3.02600642888412,0.0716164159712164,2.68677268411943
0.454,1.94656796599059,2.69591219914024,3.02661375690577,0.0716164159816044,2.68677268411946
0.456,1.94593754122504,2.68897557212041,3.02729636289285,0.0716164159913638,2.68677268411949
0.458,1.94637059778981,2.678026303162,3.02802277005329,0.0716164160004797,2.68677268411953
0.46,1.94788851432885,2.66449137370074,3.02874982649964,0.071616416008946,2.68677268411958
0.462,1.95039160984086,2.64910385125993,3.02943033991517,0.0716164160167646,2.68677268411962
0.464,1.9534930494261,2.63425338740279,3.03001982149296,0.0716164160239437,2.68677268411967
0.466,1.9567005908025,2.6216094494195,3.03049029875061,0.0716164160304974,2.68677268411971
0.468,1.959487576749,2.61198155330036,3.03083075374104,0.0716164160364443,2.68677268411975
0.47,1.96163488119171,2.60547070924862,3.03104234201478,0.071616416041807,2.68677268411979
0.472,1.96302380860081,2.60168880507098,3.03114623441561,0.0716164160466111,2.68677268411983
0.474,1.963515329168,2.60039691173907,3.03117332219818,0.0716164160508845,2.68677268411987
0.476,1.96299885225344,2.60111076480537,3.03117197130449,0.071616416054657,2.6867726841199
0.478,1.96164430691388,2.6030249520462,3.03120223385492,0.0716164160579595,2.68677268411993
0.48,1.9598394581052,2.60570543126724,3.03133720071403,0.0716164160608237,2.68677268411996
0.482,1.95781142637157,2.60895341361428,3.03165246812728,0.0716164160632815,2.68677268411998
0.484,1.95567104568457,2.61232846212894,3.03221729996114,0.0716164160653646,2.68677268412
0.486,1.95362339920494,2.61489206146005,3.03308748023365,0.0716164160671046,2.68677268412002
0.488,1.95166046526878,2.61463403827954,3.03431285978702,0.0716164160685321,2.68677268412004
0.49,1.94940977067356,2.61266644148676,3.03592283462298,0.071616416069677,2.68677268412005
0.492,1.94660839928077,2.6105021795421,3.03791180973709,0.071616416070568,2.68677268412007
0.494,1.94303553841671,2.60931881346292,3.04023495616689,0.0716164160712325,2.68677268412008
0.496,1.93867899513369,2.60994069844078,3.04281749346003,0.0716164160716967,2.68677268412009
0.498,1.93361018619335,2.61291092376128,3.04556724994933,0.0716164160719854,2.68677268412009
0.5,1.92779826675499,2.61870603620965,3.04838283160341,0.0716164160721216,2.6867726841201
0.502,1.92118412167672,2.62736506931248,3.05114231189733,0.071616416072127,2.6867726841201
0.504,1.91372627522139,2.6381120965184,3.05371398249311,0.0716164160720217,2.6867726841201
0.506,1.90540259144467,2.65019670416548,3.05596156556429,0.0716164160718242,2.68677268412011
0.508,1.89601165425328,2.66552473933995,3.05775848048325,0.0716164160715514,2.68677268412011
0.51,1.88561368552712,2.68507605056713,3.05895495823764,0.0716164160712189,2.68677268412011
0.512,1.87458302918886,2.70719997927313,3.05935399983186,0.0716164160708406,2.68677268412011
0.514,1.86360097087341,2.72831962369017,3.05875740342638,0.0716164160704289,2.68677268412011
0.516,1.85322434050381,2.74605299576396,3.05699928808905,0.0716164160699951,2.68677268412011
0.518,1.84381607221662,2.75955660529823,3.05403059169891,0.0716164160695489,2.6867726841201
0.52,1.835579050238,2.76878201327583,3.04994825169648,0.0716164160690988,2.6867726841201
0.522,1.82860032083343,2.77421481920949,3.04492538514966,0.0716164160686522,2.6867726841201
0.524,1.82287138794272,2.77638842715872,3.03917714888601,0.071616416068215,2.6867726841201
0.526,1.81831692883517,2.77575212381582,3.0329204230286,0.0716164160677923,2.6867726841201
0.528,1.81479903219438,2.77256181231366,3.02636155547206,0.0716164160673881,2.6867726841201
0.53,1.81213859356381,2.76721422118369,3.01969555935506,0.0716164160670054,2.68677268412009
0.532,1.81013004645277,2.76054124338679,3.01311665348861,0.0716164160666461,2.68677268412009
0.534,1.80851765079809,2.75381373176845,3.00681384868088,0.0716164160663114,2.68677268412009
0.536,1.80696761641631,2.74882363656386,3.00096828862727,0.0716164160660016,2.68677268412009
0.538,1.80517766351414,2.7473335760567,2.99573387911418,0.071616416065716,2.68677268412009
0.54,1.80320013601814,2.74826215613916,2.99123677110103,0.0716164160654536,2.68677268412009
0.542,1.80109139229864,2.75097258074056,2.98756803880073,0.0716164160652122,2.68677268412009
0.544,1.79889985200299,2.75528659566454,2.98477490938479,0.0716164160649892,2.68677268412008
0.546,1.79703349913646,2.75836187815445,2.98285576197253,0.0716164160647811,2.68677268412008
0.548,1.79586210588508,2.75777012508233,2.98176350734021,0.0716164160645841,2.68677268412008
0.55,1.79556430502227,2.75240097655434,2.98142753443793,0.0716164160643936,2.68677268412008
0.552,1.79611851783556,2.74272296472147,2.98177107826842,0.0716164160642044,2.68677268412008
0.554,1.79726375280743,2.73082933091095,2.98271760156664,0.0716164160640107,2.68677268412008
0.556,1.79856214340904,2.71950394877191,2.98418520011899,0.0716164160638064,2.68677268412008
0.558,1.79969653313283,2.70949722924229,2.98608741895457,0.0716164160635848,2.68677268412008
0.56,1.80024019342363,2.70208425322333,2.98834316719874,0.0716164160633387,2.68677268412008
0.562,1.79992154528581,2.69739514853676,2.99087486221672,0.0716164160630604,2.68677268412008
0.564,1.79833286956221,2.69681551710539,2.99359826230111,0.0716164160627418,2.68677268412008
0.566,1.79533609870814,2.70012488942608,2.99642529509104,0.0716164160623747,2.68677268412008
0.568,1.79117201265925,2.70516060237398,2.99928811185544,0.0716164160619501,2.68677268412009
0.57,1.78639707060843,2.70859466416606,3.00213599805131,0.0716164160614592,2.68677268412009
0.572,1.7812677900348,2.70962351723021,3.00492845873265,0.0716164160608927,2.68677268412009
0.574,1.77571376127433,2.70970771053476,3.00763520978765,0.0716164160602411,2.68677268412009
0.576,1.76977421051335,2.70957195275288,3.01021157231854,0.0716164160594949,2.6867726841201
0.578,1.76327999667746,2.71133027740254,3.01260942668987,0.0716164160586447,2.6867726841201
0.58,1.75618852989527,2.71555833774061,3.01478139165335,0.071616416057681,2.6867726841201
0.582,1.7487575352928,2.72119637729044,3.01668994618016,0.0716164160565947,2.68677268412011
0.584,1.74111330868788,2.72814709139761,3.01832400303486,0.0716164160553768,2.68677268412012
0.586,1.73352089559106,2.73485117908272,3.0197143447024,0.0716164160540191,2.68677268412012
0.588,1.72599706854467,2.74123747740118,3.02088712166445,0.0716164160525136,2.68677268412013
0.59,1.71835121776661,2.7485152336496,3.02185296202894,0.0716164160508535,2.68677268412013
0.592,1.71071984564269,2.75628547179899,3.02263527962598,0.0716164160490329,2.68677268412014
0.594,1.70326199724316,2.764369736055,3.02326129403867,0.0716164160470469,2.68677268412015
0.596,1.69644716166968,2.77051724242726,3.02373588833298,0.0716164160448924,2.68677268412016
0.598,1.69061744019336,2.77284973198266,3.02405685793125,0.0716164160425678,2.68677268412017
0.6,1.68587490616804,2.7707856047628,3.02422475251001,0.0716164160400735,2.68677268412018
0.602,1.68211099527964,2.76512841870418,3.02425171301403,0.0716164160374123,2.68677268412018
0.604,1.67899616497891,2.75796891244008,3.02416349284369,0.0716164160345895,2.68677268412019
0.606,1.67608691450979,2.75162613432375,3.02400398531931,0.0716164160316135,2.6867726841202
0.608,1.67320856055047,2.74577880403383,3.0238356952713,0.071616416028496,2.6867726841202
0.61,1.67009565627488,2.74086114705011,3.02372823101564,0.0716164160252523,2.68677268412021
0.612,1.66639444598672,2.73824215030862,3.02374500029583,0.0716164160219019,2.68677268412021
0.614,1.66208668349188,2.73760803333964,3.02394196102883,0.071616416018469,2.68677268412022
0.616,1.65706093447834,2.73980825709403,3.02436144277992,0.0716164160149825,2.68677268412022
0.618,1.65111588594544,2.74698923067258,3.02502352763581,0.071616416011477,2.68677268412021
0.62,1.64444576273564,2.75876500205635,3.0259190961184,0.0716164160079928,2.6867726841202
0.622,1.63754690878197,2.77199635621638,3.02700875119117,0.0716164160045765,2.68677268412019
0.624,1.63084890161967,2.78419144341971,3.02822373892448,0.0716164160012817,2.68677268412017
0.626,1.62463528332128,2.79393689456856,3.0294863642992,0.071616415998169,2.68677268412015
0.628,1.61907837466131,2.80068448656621,3.03073933216891,0.0716164159953068,2.68677268412012
0.63,1.61427107422318,2.80456989632794,3.03192444464338,0.0716164159927714,2.68677268412008
0.632,1.61022980166107,2.80596571613945,3.03298560056215,0.0716164159906478,2.68677268412004
0.634,1.60690913269321,2.80535892236761,3.03388140221511,0.0716164159890296,2.68677268411998
0.636,1.60419508216685,2.80310766601293,3.03459360886491,0.0716164159880192,2.68677268411991
0.638,1.60191848843625,2.79969509125082,3.03513170623525,0.0716164159877287,2.68677268411984
0.64,1.59986453114134,2.79583618804225,3.03553151194146,0.0716164159882791,2.68677268411975
0.642,1.59775477575548,2.79246160189028,3.03585218922106,0.0716164159898012,2.68677268411965
0.644,1.59525253702186,2.79099049118391,3.03615875646561,0.0716164159924349,2.68677268411954
0.646,1.59210035276947,2.7927963693099,3.03645291101488,0.0716164159963292,2.68677268411941
0.648,1.58849859409988,2.79675888017599,3.03666953501639,0.0716164160016421,2.68677268411927
0.65,1.58472236097984,2.80158190357502,3.03673835622315,0.0716164160085396,2.68677268411912
0.652,1.58100457975612,2.80654566368613,3.03656389645021,0.0716164160171955,2.68677268411895
0.654,1.57752727059499,2.81112390891249,3.03604817201091,0.0716164160277902,2.68677268411878
0.656,1.57443718272728,2.81495097667409,3.03509865787934,0.0716164160405096,2.68677268411859
0.658,1.57186814177245,2.81787893932898,3.03363766835889,0.071616416055544,2.68677268411839
0.66,1.56995267445329,2.81985957666583,3.03159608593667,0.0716164160730858,2.68677268411819
0.662,1.56880557122243,2.82073532273413,3.02892034829184,0.0716164160933285,2.68677268411798
0.664,1.56852792920506,2.8202970198975,3.02558239677346,0.0716164161164635,2.68677268411777
0.666,1.56920623695493,2.81825781758454,3.02159990452657,0.071616416142678,2.68677268411757
0.668,1.57088115649414,2.81414984305452,3.01703922519583,0.0716164161721519,2.68677268411738
0.67,1.57353485895008,2.80754780997475,3.01203600731883,0.0716164162050541,2.6867726841172
0.672,1.57708020347867,2.79839609443603,3.00679041186182,0.0716164162415394,2.68677268411705
0.674,1.58134365613673,2.7872928963392,3.00150534658069,0.0716164162817433,2.68677268411693
0.676,1.58603430071524,2.77588963359889,2.99636080748936,0.0716164163257779,2.68677268411686
0.678,1.5907741717037,2.76604286174339,2.99153143923906,0.0716164163737264,2.68677268411683
0.68,1.59533167632794,2.75700080956591,2.98711857836012,0.0716164164256377,2.68677268411688
0.682,1.59931956404786,2.74922598708636,2.98318816220479,0.0716164164815198,2.686772684117
0.684,1.60222346029194,2.74467345955446,2.97977930610554,0.0716164165413331,2.68677268411722
0.686,1.60381282239268,2.74358793696824,2.97689371541301,0.0716164166049835,2.68677268411754
0.688,1.60380140822689,2.74717007432052,2.974500744735,0.0716164166723143,2.686772684118
0.69,1.60229820085552,2.75495928172415,2.9725553150016,0.0716164167430981,2.6867726841186
0.692,1.59977444323575,2.76429071701221,2.97102394780476,0.0716164168170279,2.68677268411937
0.694,1.59661195641753,2.77326458523024,2.96990176890718,0.0716164168937083,2.68677268412032
0.696,1.59348119941549,2.77841373550543,2.96919864547784,0.0716164169726454,2.68677268412147
0.698,1.59083426839087,2.777758757316,2.9689150713658,0.0716164170532373,2.68677268412285
0.7,1.58871891164904,2.77160573589366,2.96903550588605,0.0716164171347636,2.68677268412447
0.702,1.58678737903311,2.76256499936144,2.96950441568774,0.0716164172163751,2.68677268412635
0.704,1.58441748312671,2.75486020515726,2.97026706907786,0.0716164172970833,2.68677268412851
0.706,1.58117021318553,2.75063984192636,2.97127706415606,0.0716164173757494,2.68677268413096
0.708,1.57699484620183,2.74953423615508,2.97248869217795,0.0716164174510746,2.68677268413371
0.71,1.57217594478758,2.74942002912972,2.97381854333924,0.0716164175215892,2.68677268413677
0.712,1.5667510241103,2.75033380804755,2.97519594780152,0.0716164175856433,2.68677268414014
0.714,1.56049231761092,2.75459387994739,2.97658790196544,0.0716164176413974,2.6867726841438
0.716,1.55335365356046,2.76269422272152,2.9779866282638,0.0716164176868145,2.68677268414775
0.718,1.54558508567717,2.77234076884695,2.97942976618527,0.0716164177196525,2.68677268415197
0.72,1.53775413460491,2.77986969236926,2.98098948908088,0.0716164177374587,2.68677268415642
0.722,1.53026047892009,2.7835589517592,2.98269317456917,0.0716164177375652,2.68677268416105
0.724,1.52321336857409,2.78399559069833,2.98452126458297,0.0716164177170871,2.6867726841658
0.726,1.51653761981721,2.78305031298831,2.98642623378277,0.0716164176729222,2.68677268417059
0.728,1.51020860537907,2.78097274172721,2.9883499396833,0.071616417601754,2.68677268417533
0.73,1.50405680577156,2.7794983428226,2.9902448570271,0.0716164175000571,2.68677268417991
0.732,1.49776780239188,2.78174604400342,2.9920914776635,0.071616417364107,2.68677268418418
0.734,1.49120226559762,2.78806375514627,2.99390896873882,0.0716164171899931,2.68677268418798
0.736,1.48450265149713,2.79587785394121,2.99570741231382,0.0716164169736365,2.68677268419112
0.738,1.47775694290164,2.80385239826435,2.9974949423772,0.0716164167108124,2.68677268419341
0.74,1.47090199842583,2.81256135952703,2.99924487036022,0.0716164163971789,2.68677268419458
0.742,1.46384135335413,2.82305394014325,3.00091184312613,0.0716164160283106,2.68677268419437
0.744,1.45681890586575,2.83361836296115,3.00249135905819,0.0716164155997395,2.68677268419249
0.746,1.45008575297079,2.84262285433864,3.00404188333744,0.0716164151070034,2.6867726841886
0.748,1.4438136834839,2.84934087385174,3.00568083157868,0.0716164145457009,2.68677268418234
0.75,1.43810564900184,2.85359642663891,3.00751244538367,0.0716164139115562,2.68677268417334
0.752,1.43301978574143,2.85559591822952,3.00959543815224,0.0716164132004912,2.68677268416117
0.754,1.42857337340629,2.85559763002506,3.011933472318,0.0716164124087088,2.68677268414542
0.756,1.42475927214908,2.85400620952063,3.01448287698098,0.0716164115327842,2.68677268412564
0.758,1.42154178645957,2.85117316010818,3.01715689803446,0.0716164105697689,2.68677268410137
0.76,1.41886492825294,2.84744442056793,3.01978312448519,0.0716164095173032,2.68677268407215
0.762,1.41664037966837,2.8430096772955,3.02210178429106,0.0716164083737421,2.68677268403753
0.764,1.41475668292861,2.83809606912276,3.02378823772713,0.0716164071382918,2.68677268399709
0.766,1.41308552775054,2.83310466738154,3.02449424296366,0.0716164058111574,2.68677268395043
0.768,1.41146115969225,2.82860302925426,3.02394559706053,0.0716164043937042,2.68677268389719
0.77,1.40968314449496,2.82547719549817,3.02199723926919,0.0716164028886291,2.68677268383709
0.772,1.40751886702105,2.82518525640442,3.01870630248065,0.071616401300145,2.68677268376995
0.774,1.40477290253663,2.82889948930695,3.01440628513516,0.0716163996341754,2.68677268369569
0.776,1.40156460783857,2.83502257349838,3.00969865902311,0.0716163978985612,2.68677268361435
0.778,1.39806593113783,2.84172523661396,3.00539898751865,0.071616396103276,2.68677268352618
0.78,1.39439853509182,2.84767352951704,3.00244808252555,0.0716163942606513,2.68677268343158
0.782,1.39063984868125,2.85198556651177,3.00177655597533,0.0716163923856095,2.68677268333124
0.784,1.38681379797453,2.85413039716993,3.00417595628397,0.0716163904959022,2.68677268322608
0.786,1.38289864625049,2.85395479775646,3.01023082630265,0.0716163886123533,2.68677268311734
0.788,1.37881062816571,2.85161748802705,3.02035070164253,0.071616386759104,2.68677268300663
0.79,1.37438822750544,2.84751481527739,3.03470998412275,0.0716163849638563,2.68677268289595
0.792,1.36940234882066,2.84262756350598,3.05325644771882,0.0716163832581131,2.68677268278772
0.794,1.36354403492965,2.8386826998136,3.07573410885125,0.0716163816774104,2.68677268268488
0.796,1.35655583428533,2.8372303774053,3.10168467175372,0.0716163802615379,2.68677268259086
0.798,1.34866505373159,2.836955801097,3.13035853041606,0.0716163790547433,2.68677268250967
0.8,1.34014314825618,2.8363363100546,3.16078348959838,0.0716163781059148,2.68677268244594
0.802,1.33119189037191,2.83464459633447,3.19185155967978,0.071616377468737,2.68677268240492
0.804,1.32195715540183,2.83177433293408,3.22241403925492,0.0716163772018125,2.68677268239251
0.806,1.31253731548698,2.8278985075717,3.251377031256,0.0716163773687438,2.6867726824153
0.808,1.30299351953783,2.82328131204459,3.2777903370289,0.071616378038166,2.68677268248056
0.81,1.29336121136251,2.8181997180286,3.3008989553559,0.071616379283724,2.68677268259623
0.812,1.28366247778336,2.8130064172155,3.3202014790413,0.0716163811839839,2.68677268277089
0.814,1.27391898402475,2.80812783925611,3.33544888877605,0.0716163838222698,2.68677268301373
0.816,1.26415710906917,2.80402578289203,3.34661002982642,0.0716163872864153,2.68677268333444
0.818,1.25438867442045,2.80079384044776,3.35383617977129,0.0716163916684194,2.68677268374317
0.82,1.24461649873779,2.79840266032923,3.35741342013769,0.0716163970639949,2.68677268425037
0.822,1.23484823503714,2.79676094614124,3.35773411962903,0.0716164035719978,2.68677268486663
0.824,1.22510199648949,2.79582962434176,3.35527096389188,0.0716164112937249,2.68677268560247
0.826,1.21538725441474,2.79543616904194,3.3504973844629,0.0716164203320674,2.68677268646813
0.828,1.20571029424991,2.79538334839113,3.34395192470838,0.0716164307905065,2.68677268747324
0.83,1.19608770150527,2.79554140331311,3.33621956635475,0.0716164427719384,2.68677268862648
0.832,1.1865513616793,2.79592930382803,3.32784477805199,0.071616456377315,2.68677268993523
0.834,1.17712840059421,2.79647290845348,3.31929119238936,0.0716164717040874,2.68677269140504
0.836,1.16784526282714,2.79711172547675,3.31093038464424,0.0716164888444377,2.68677269303919
0.838,1.15873105707351,2.79786129779647,3.30303640386752,0.0716165078832888,2.68677269483804
0.84,1.14979530247868,2.79843803891648,3.29579195498049,0.0716165288960781,2.68677269679843
0.842,1.14102929395186,2.79843479687236,3.28929767037697,0.0716165519462859,2.68677269891295
0.844,1.13241456257863,2.79742347664427,3.28358889180081,0.0716165770827068,2.68677270116916
0.846,1.12393024794592,2.79515471915525,3.27867777727411,0.0716166043364584,2.68677270354878
0.848,1.1155512635594,2.7917090010409,3.27457965139172,0.0716166337177183,2.68677270602678
0.85,1.10722093154224,2.78732980449683,3.27132806429592,0.0716166652121881,2.68677270857044
0.852,1.09884766090168,2.78260825876457,3.26897208154798,0.0716166987772807,2.68677271113839
0.854,1.09030134857116,2.77857654022763,3.26754696143781,0.071616734338035,2.68677271367958
0.856,1.08138540869748,2.77657278097492,3.26707466801205,0.071616771782762,2.6867727161323
0.858,1.07193344960308,2.77768825484917,3.26757683873123,0.0716168109584331,2.68677271842316
0.86,1.06211407047725,2.78065292847258,3.26907469950923,0.0716168516658242,2.68677272046612
0.862,1.05214617705129,2.78421524393786,3.27158419662132,0.0716168936544372,2.68677272216161
0.864,1.04220592021877,2.7877670788588,3.27508531457872,0.071616936617223,2.68677272339573
0.866,1.03240871558668,2.79092053568872,3.27951114160001,0.0716169801851398,2.68677272403956
0.868,1.02281584087556,2.7933602261997,3.28474307932248,0.0716170239215865,2.6867727239487
0.87,1.01344839626494,2.79490491023927,3.29061377748478,0.0716170673167586,2.68677272296303
0.872,1.00429998562666,2.79547217770557,3.29691184053661,0.0716171097819844,2.68677272090674
0.874,0.995347968403679,2.79503092764687,3.30339897759924,0.0716171506441065,2.68677271758877
0.876,0.98656331139373,2.79358392108579,3.30983323321297,0.0716171891399864,2.68677271280356
0.878,0.977919176343581,2.7911814632074,3.31601978488231,0.0716172244112188,2.68677270633245
0.88,0.969398421997424,2.78796605842555,3.32182371495661,0.071617255499155,2.68677269794557
0.882,0.961000186207843,2.7842462458299,3.32716033592901,0.0716172813403467,2.68677268740435
0.884,0.952737421549123,2.78043691873647,3.33198174385007,0.0716173007625354,2.68677267446494
0.886,0.944617162270363,2.77669896904778,3.33626635519699,0.0716173124813247,2.68677265888234
0.888,0.936661072848725,2.77337247889863,3.34000602608314,0.0716173150976873,2.68677264041554
0.89,0.928883906443083,2.77065678775473,3.34318671399151,0.0716173070964755,2.68677261883368
0.892,0.92128736907456,2.7686732432047,3.34578983971243,0.0716172868461139,2.68677259392339
0.894,0.913861070267386,2.76743045046409,3.3477923712607,0.0716172525996729,2.68677256549731
0.896,0.906582317682267,2.76680685192486,3.34920096104369,0.0716172024975344,2.68677253340397
0.898,0.899423053613123,2.76655045976543,3.35006555519222,0.0716171345718759,2.68677249753899
0.9,0.892372303133563,2.76661529805216,3.35048477114732,0.0716170467532134,2.68677245785784
0.902,0.885408448065757,2.76681434442739,3.35059361806041,0.0716169368792611,2.68677241438992
0.904,0.878495501317539,2.7667790123176,3.35051268231639,0.0716168027063726,2.68677236725434
0.906,0.871611755923148,2.76627066121363,3.35034009262842,0.0716166419238467,2.68677231667701
0.908,0.864753397992251,2.76526187342827,3.35015519576011,0.0716164521713873,2.6867722630093
0.91,0.857929680961975,2.76391290250169,3.35002964039348,0.0716162310600174,2.68677220674798
0.912,0.851157921442215,2.7624442661449,3.35002362126344,0.0716159761967525,2.68677214855641
0.914,0.844458262162621,2.76109853222377,3.35018780376461,0.0716156852133433,2.68677208928672
0.916,0.837848095594974,2.76002675963348,3.35055771665062,0.0716153557993975,2.68677203000274
0.918,0.831336023899591,2.75929001587584,3.35114447367984,0.0716149857401872,2.68677197200338
0.92,0.824915249144683,2.7588528563913,3.35193191837237,0.071614572959441,2.68677191684594
0.922,0.818564575654937,2.75852743109941,3.35287868354767,0.0716141155674065,2.68677186636895
0.924,0.81227352820677,2.75822486212487,3.35391688897849,0.0716136119144534,2.68677182271384
0.926,0.806042313752297,2.75788685937735,3.35495737580412,0.071613060650459,2.68677178834475
0.928,0.799873155311862,2.75745594116099,3.35589841633564,0.0716124607901905,2.68677176606559
0.93,0.793761236444553,2.7568467504718,3.35665711556758,0.0716118117848572,2.68677175903349
0.932,0.787693482077835,2.75588092687981,3.35717752336114,0.0716111135999591,2.68677177076735
0.934,0.781671668985615,2.75454377503763,3.35742686137227,0.0716103667995008,2.68677180515041
0.936,0.775710543204803,2.75293537455217,3.35739481066567,0.0716095726365748,2.68677186642533
0.938,0.769827395723088,2.75123262217203,3.35709128300253,0.0716087331502376,2.68677195918039
0.94,0.764031242644908,2.74954087796795,3.35653617232847,0.0716078512685145,2.68677208832487
0.942,0.758319739997994,2.7478278557661,3.35574874986027,0.0716069309172659,2.68677225905219
0.944,0.752700238956489,2.74621313859478,3.35475775099788,0.0716059771345343,2.68677247678842
0.946,0.747185591534561,2.74490231431409,3.35360167358373,0.0716049961898576,2.68677274712455
0.948,0.74178112449857,2.74399919670287,3.35232563600403,0.0716039957078948,2.68677307573001
0.95,0.736479173170418,2.74342755838111,3.35100525325177,0.0716029847955461,2.68677346824552
0.952,0.73127760734438,2.7431963944858,3.34975039149366,0.0716019741715765,2.6867739301528
0.954,0.726172996535972,2.74329920167485,3.34865266511725,0.0716009762975584,2.68677446661918
0.956,0.721153126924707,2.74360276893014,3.34777220768002,0.0716000055087377,2.68677508231464
0.958,0.716213591467481,2.74408151196478,3.34713662288311,0.0715990781432066,2.68677578119957
0.96,0.711349131931953,2.74468976459896,3.34674210594568,0.0715982126675174,2.68677656628117
0.962,0.706544461914457,2.74522873654271,3.34655474962438,0.0715974297966163,2.68677743933707
0.964,0.70178930597583,2.74556549796154,3.34651843534966,0.071596752605698,2.68677840060498
0.966,0.697076585604505,2.74561693739571,3.34655524578034,0.0715962066312897,2.68677944843768
0.968,0.692416742070722,2.74553710227303,3.34657462939576,0.0715958199585704,2.68678057892323
0.97,0.687827074531272,2.74543849613265,3.34647215911123,0.0715956232916079,2.68678178547117
0.972,0.683320728510564,2.74523608375844,3.34613596642233,0.0715956500028683,2.6867830583662
0.974,0.678919925875815,2.7448876282573,3.34547901471163,0.0715959361580138,2.68678438429205
0.976,0.674652184951892,2.74436071974288,3.34444587145565,0.0715965205116564,2.68678574582933
0.978,0.670562312633187,2.74372270458778,3.34300531769964,0.0715974444693892,2.6867871209327
0.98,0.666698825450618,2.74299880140016,3.34111463389068,0.0715987520110659,2.68678848239427
0.982,0.663099215447113,2.74207335644536,3.33872131956522,0.0716004895699596,2.68678979730201
0.984,0.659798453951779,2.74094974844425,3.33579932324806,0.0716027058620941,2.68679102650391
0.986,0.656811099021634,2.73962120611191,3.33236309141928,0.0716054516597284,2.6867921240909
0.988,0.654111490714465,2.73786888374831,3.3284787081248,0.0716087795026775,2.68679303691416
0.99,0.651636652536494,2.73562001345083,3.32426984029951,0.0716127433408868,2.68679370415487
0.992,0.649270910005968,2.73288425572786,3.31990348385071,0.0716173981014515,2.68679405696752
0.994,0.646845572119985,2.73002081848739,3.31554700008183,0.0716227991730893,2.6867940182207
0.996,0.644121503126195,2.72782151707898,3.31139027919742,0.0716290018009505,2.68679350236285
0.998,0.640788616793329,2.7277929231694,3.30764420962449,0.0716360603845909,2.68679241544313
1,0.636599067056059,2.73115107352385,3.3045140643454,0.0716440276719559,2.68679065532148
1.002,0.631817067100067,2.73628981152717,3.30216585543289,0.071652953842332,2.68678811210491
1.004,0.626768356453457,2.741408477608,3.30072031118028,0.071662885471443,2.68678466885025
1.006,0.621706191358121,2.74550642677201,3.30025956041972,0.0716738643722015,2.68678020257685
1.008,0.616802595527587,2.74811090288634,3.30083333099437,0.0716859263050967,2.68677458563542
1.01,0.612139785608557,2.74899439248486,3.30245382140698,0.0716990995528217,2.68676768748134
1.012,0.607725358436682,2.74817390389562,3.30508007350927,0.0717134033545307,2.68675937690296
1.014,0.603489539583041,2.74580451012329,3.30861597460098,0.0717288461960888,2.68674952475619
1.016,0.59929736859456,2.74232243290178,3.31292423615494,0.0717454239538576,2.68673800725711
1.018,0.594943337770904,2.73859527779085,3.31783866462635,0.0717631178909524,2.6867247098835
1.02,0.590162285346508,2.73614404817483,3.32319274308625,0.0717818925065524,2.68670953193371
1.022,0.584731935008186,2.73634309514483,3.32882503421568,0.0718016932407397,2.68669239178812
1.024,0.578808604116191,2.73808125720462,3.33458392663725,0.0718224440395235,2.68667323291243
1.026,0.572600043423701,2.74009032162679,3.34033067369651,0.071844044787183,2.68665203063471
1.028,0.56625540237304,2.741568669043,3.34594760007916,0.0718663686158517,2.68662879971811
1.03,0.559888790062983,2.74220200430121,3.35132956907199,0.0718892591053926,2.68660360273849
1.032,0.553579063542145,2.74196120334907,3.35638406533744,0.0719125273900871,2.68657655926049
1.034,0.547369796329379,2.7409249141361,3.3610347708943,0.0719359491924971,2.68654785578693
1.036,0.541293608023822,2.73936556970939,3.36522105417509,0.0719592618090707,2.68651775643329
1.038,0.535371164342127,2.73762225446079,3.36888376647439,0.0719821610766587,2.68648661425327
1.04,0.529601098344576,2.7359105158095,3.37197203296087,0.0720042983540958,2.68645488310994
1.042,0.523957190772074,2.73421747093935,3.37443877388635,0.0720252775583789,2.68642312995245
1.044,0.518409282184146,2.7324339515556,3.37623729135784,0.072044652300745,2.68639204731799
1.046,0.512926912031028,2.73036814829808,3.37731590429165,0.0720619231741077,2.6863624658342
1.048,0.507498797533529,2.72803880017481,3.37762516121281,0.0720765352498301,2.68633536644751
1.05,0.502127176500018,2.72562080227402,3.37712427614537,0.0720878758486938,2.68631189204833
1.052,0.49681355400811,2.72327976789395,3.37579357498478,0.0720952726581155,2.68629335810474
1.054,0.491552314644072,2.72108833586388,3.37364611184046,0.0720979922751546,2.68628126185237
1.056,0.486348658250797,2.7192168790409,3.3707264164169,0.072095239262579,2.68627728951983
1.058,0.481211493776427,2.71796117257265,3.36711434954637,0.0720861558131754,2.68628332099786
1.06,0.476137726036372,2.71744369944729,3.36292393296292,0.0720698221255262,2.6863014312852
1.062,0.471104355480018,2.71749410323275,3.35829728358631,0.0720452576025508,2.6863338879685
1.064,0.466084880317998,2.71790296824996,3.35339754859461,0.0720114229921378,2.68638314391623
1.066,0.461048980169675,2.71842133841402,3.3483999096951,0.0719672235970618,2.68645182429112
1.068,0.455978574698321,2.71898615034884,3.3434647412192,0.0719115136889672,2.6865427069126
1.07,0.450859284145564,2.71958605113945,3.3387358852993,0.0718431022683678,2.68665869493316
1.072,0.445672109197248,2.72012550700751,3.33435004504465,0.0717607603192064,2.68680278073275
1.074,0.440410123425563,2.72064351293651,3.33041798912374,0.0716632297123583,2.68697799988624
1.076,0.435070900863113,2.72117822793583,3.32700956920189,0.0715492339173611,2.68718737402461
1.078,0.429649422908268,2.72163228043916,3.32416562338192,0.0714174906853913,2.68743384139393
1.08,0.424156179116532,2.72203298354949,3.3219467273696,0.0712667268688533,2.68772017392268
1.082,0.418611092429303,2.72255757261196,3.3204402707416,0.0710956955436423,2.68804887964178
1.084,0.413029668304495,2.72332248674834,3.31972452242636,0.0709031955989115,2.68842208936831
1.086,0.407417714547345,2.72424806494272,3.31972621945022,0.0706880939557192,2.68884142666935
1.088,0.401790997985106,2.72531152424577,3.3202120687361,0.070449350569928,2.68930786027234
1.09,0.396170396788748,2.72659729301527,3.32089263346793,0.0701860463658411,2.68982153829027
1.092,0.390568912427225,2.72818461872228,3.32145388585226,0.0698974142349271,2.69038160388958
1.094,0.384986880939546,2.72990988383373,3.32159113454886,0.0695828732182187,2.69098599235461
1.096,0.379431765344408,2.73167343603844,3.32109334931601,0.0692420659711852,2.69163120990037
1.098,0.373913123258099,2.73334707854657,3.31986193356172,0.0688748995856525,2.69231209506423
1.1,0.368437398049631,2.73471999235763,3.31789986344472,0.0684815898142562,2.6930215640729
1.102,0.363027168495923,2.73564524044926,3.31530771677577,0.0680627087085266,2.69375034224107
1.104,0.357715412065691,2.73615580341305,3.31225678630077,0.06761923564158,2.69448668421878
1.106,0.352531102688789,2.73631727078138,3.30891751808382,0.0671526116400846,2.69521608677104
1.108,0.347484175512572,2.7360932355487,3.30552333361718,0.066664796897245,2.69592099875009
1.11,0.342557917741194,2.73514310687014,3.30236324089283,0.0661583312785756,2.69658053401063
1.112,0.337725190265616,2.73322555350005,3.29969556943249,0.0656363975648052,2.69717019422283
1.114,0.332939188349189,2.7303081899003,3.29779433875373,0.0651028871009769,2.69766160985479
1.116,0.328123618185461,2.72650884673799,3.29692004433746,0.0645624674373318,2.69802230902291
1.118,0.323187294053603,2.72230393493904,3.29720571668464,0.0640206514555819,2.69821552543594
1.12,0.318014251705039,2.71864391325739,3.29864773954364,0.063483867373425,2.69820005827777
1.122,0.312446439613882,2.716881528664,3.30110704179266,0.0629595289104474,2.6979301985669
1.124,0.306350291706762,2.71801002558271,3.30439337603955,0.0624561047797849,2.69735573827917
1.126,0.299858667100247,2.72073907542477,3.30836613266347,0.0619831865420509,2.69642208029607
1.128,0.293130328265093,2.72371636909686,3.31287735807152,0.0615515537211802,2.69507046901214
1.13,0.286227176438813,2.72600252113308,3.31773433654263,0.0611732349362002,2.69323836316189
1.132,0.279190653186563,2.72729929568649,3.3227119794253,0.0608615636488788,2.69085997406006
1.134,0.272069913040713,2.72776176868343,3.3276500645824,0.0606312269652339,2.68786699393467
1.136,0.26495085101865,2.72799674620725,3.33241562897364,0.0604983057597267,2.68418954030268
1.138,0.257952713969231,2.72833476080613,3.33685492515478,0.0604803042155041,2.67975734331959
1.14,0.251199973879641,2.72870264958464,3.34080959513736,0.0605961666934277,2.6745012036405
1.142,0.244785182502212,2.72892922255524,3.3441563607542,0.0608662796582205,2.66835474846528
1.144,0.238606816159141,2.72885314714475,3.34679755894208,0.061312456203507,2.66125651299816
1.146,0.232567280277447,2.72843516817001,3.34868256407293,0.0619579005307763,2.65315237341325
1.148,0.226629462697526,2.72756330863662,3.34988183764575,0.0628269189715756,2.64399835545509
1.15,0.220806480004136,2.72567169581954,3.35052855676491,0.0639439518164035,2.63376397327299
1.152,0.215134250539875,2.7217310786494,3.35079799830034,0.0653334984545139,2.6224355820646
1.154,0.209602147591728,2.71522074126643,3.35080092226643,0.0670206636433293,2.61001615467772
1.156,0.204181491898859,2.70680613254346,3.35060916438193,0.0690317068338342,2.59652162096937
1.158,0.198927230322347,2.6976691052137,3.35025565380322,0.071393169366559,2.58197336880343
1.16,0.194012959800318,2.6896445743056,3.34973115443292,0.0741304600440813,2.56639637196897
1.162,0.18969067278416,2.68502096642446,3.34899360525891,0.0772670101403316,2.54982186952472
1.164,0.186124761630269,2.68567222702927,3.34799953596474,0.0808236871276435,2.53229085145045
1.166,0.182942452460964,2.68952067900201,3.34675942035773,0.0848177723508801,2.51385553672522
1.168,0.179619423970354,2.69439588402027,3.34535754110313,0.0892626144371703,2.49457615962492
1.17,0.175690268562297,2.69895270556702,3.34389354710048,0.0941684173684349,2.47451931340635
1.172,0.170778731876761,2.70256641340366,3.34247590592213,0.0995432391442395,2.45375796107801
1.174,0.164590627080109,2.70507605285567,3.34123469972701,0.105393930677895,2.43236841809986
1.176,0.156929479537659,2.70655468921943,3.34040095969399,0.111725207641169,2.41042574572795
1.178,0.147703867407159,2.70699429375223,3.34034291726261,0.118539198630161,2.38800352794644
1.18,0.136968873849538,2.70637830630577,3.34148846193295,0.125834316144531,2.36517600140717
1.182,0.124969276234458,2.70435229372295,3.34423933818177,0.133604650947598,2.34201823999992
1.184,0.112134686842653,2.70052121294147,3.34882717996277,0.14184096045672,2.31860531664048
1.186,0.0990744484786034,2.69490906979603,3.3551761056012,0.150532046464166,2.29501457059362
1.188,0.0864789755817661,2.6881171849177,3.36292897601129,0.159666566296776,2.27132719551142
1.19,0.074981316313923,2.68110055734895,3.37156092985864,0.169233909193867,2.24762890048086
1.192,0.0650651509057577,2.67458429047313,3.38051194914654,0.179224100156259,2.22400804487329
1.194,0.0570069979287486,2.66955394717181,3.38920949392855,0.189626438105368,2.20055295109016
1.196,0.0509977076028736,2.66650537146982,3.39715084503336,0.200428654844728,2.17734939242157
1.198,0.0471861789969657,2.66524301139432,3.40405737441019,0.211617019965124,2.15447886319805
1.2,0.0457098619617647,2.66525186805418,3.40991721674988,0.223176848403316,2.13201792221312
1.202,0.0467028167976295,2.66585776197657,3.41505737057597,0.235094220250689,2.11004263186769
1.204,0.0502392813649864,2.66638843690799,3.42005035576588,0.247357197570134,2.08863058645337
1.206,0.0563107036635743,2.6661977033293,3.42561235666151,0.259956615209602,2.06786111013518
1.208,0.0648193233760904,2.66465230919252,3.43252566033943,0.272885509335694,2.04781251489093
1.21,0.0756048254509905,2.66114113636209,3.44155278685968,0.286137914316733,2.0285587943822
1.212,0.0884059048825465,2.6551263314279,3.4533783170648,0.299708068805455,2.01016432405019
1.214,0.102807204133347,2.64629454831117,3.46850839735495,0.3135905633006,1.99268065753742
1.216,0.118222754043613,2.6349031607558,3.48721839323501,0.327780858690831,1.97614847205486
1.218,0.133819859531179,2.62209254352524,3.5094526832298,0.342275509640122,1.96060061152819
1.22,0.148658907883521,2.6093258904042,3.53474948624847,0.357073059348138,1.9460650547259
1.222,0.162325941373754,2.59605566944384,3.56221887428259,0.372173823299744,1.93256356765228
1.224,0.17418686178002,2.58276740772709,3.5907066475192,0.387578860305118,1.92010861814336
1.226,0.183291429068031,2.57127067112074,3.61900587288476,0.403288592236909,1.90869941346733
1.228,0.189153482583372,2.56210224462854,3.64594192276736,0.419301828640723,1.89831895437193
1.23,0.19172546106501,2.55472232499692,3.67047892065798,0.435615038184884,1.88893283320735
1.232,0.190866689890658,2.55036763050163,3.69189227207529,0.45222285977129,1.88049251108637
1.234,0.186935936280402,2.54974782179254,3.70972083073934,0.469118252495552,1.87294185900592
1.236,0.18057435956236,2.55207176439048,3.72380880008188,0.48629316536224,1.86622156910968
1.238,0.172722029535593,2.55558400602671,3.73425528957608,0.503739085154654,1.86027238442127
1.24,0.164040805365139,2.55927799575903,3.74137178539565,0.521447190220347,1.85503299630275
1.242,0.154791604580464,2.5632264707699,3.74552602286041,0.539408135347829,1.85043749754272
1.244,0.145096067716769,2.56791379975301,3.74716087632322,0.557611661934913,1.84641210516162
1.246,0.135613569253318,2.57245306093749,3.74664850261725,0.576045968051861,1.84287276533523
1.248,0.126985977138055,2.57610298988982,3.74430240946195,0.594697523116494,1.83972713588113
1.25,0.119676111619099,2.57864406050985,3.74040407398159,0.613550870486944,1.83688007140349
1.252,0.11395724175664,2.58014790813955,3.73526746559524,0.632588565703133,1.83423900103954
1.254,0.109943640299325,2.58101650193758,3.72926196473553,0.651791482395209,1.83171697506872
1.256,0.107627473728115,2.58201233114942,3.72272258780248,0.671139128928748,1.82923268975528
1.258,0.107044704097244,2.58383277183642,3.71590549073205,0.690609920293588,1.82670853817239
1.26,0.108693330426691,2.58545718626528,3.70898045246811,0.71018106686181,1.82406790807484
1.262,0.113051029635881,2.58575355113819,3.70210693191131,0.729828750838372,1.82123291705721
1.264,0.120407593528872,2.5839865101657,3.69542951952592,0.749528441535418,1.81812451260072
1.266,0.130836412573127,2.57981197911667,3.68914948558926,0.769254745261224,1.81466486238072
1.268,0.144130323243828,2.57325482965181,3.68350253629962,0.788981795042255,1.81078290910821
1.27,0.159668491538333,2.56456202961422,3.67871683934974,0.808683667267132,1.80641858814411
1.272,0.176314581851956,2.5545233185405,3.67506189910322,0.828335526984506,1.80152541949071
1.274,0.192621942406938,2.54453958427079,3.67273536616259,0.84791363105087,1.79607035215742
1.276,0.207854994869223,2.53511147302409,3.67175340624806,0.867394888488584,1.79002943001358
1.278,0.221596420312461,2.5252388231647,3.67199210361272,0.886756122382638,1.78338354214927
1.28,0.232990586913792,2.51469212621875,3.67329182486386,0.905973837581879,1.77611551607306
1.282,0.241807792634584,2.50435963555672,3.67544110570366,0.925024282395606,1.76820973409825
1.284,0.248494224402877,2.49562279664432,3.67822082036505,0.943884191612363,1.75965466489735
1.286,0.253694660214975,2.48849882204991,3.68148067678773,0.962531353726994,1.7504472341979
1.288,0.257895742889535,2.48203021346847,3.68502857779008,0.980945534279431,1.74059365419854
1.29,0.260675752332447,2.47691868134364,3.68868550456205,0.999108682544375,1.73010704638644
1.292,0.261500910535648,2.47355130087636,3.69229830790496,1.01700432765193,1.71900438773671
1.294,0.260086563191092,2.47148613581779,3.69571390049183,1.03461670556087,1.70730203660019
1.296,0.256532063020423,2.4710590127199,3.69881235532223,1.05193008071222,1.69501297998678
1.298,0.251033522026523,2.47234065005377,3.70151117972154,1.06892906026695,1.68214535100034
1.3,0.243684384340764,2.47511007759113,3.70376777455022,1.08559946474554,1.66870551753414
1.302,0.234576755941952,2.47853968819145,3.70566271189226,1.10192934862305,1.65470296972589
1.304,0.223725413916395,2.48127144678157,3.70727404463616,1.11791000002852,1.64015281323863
1.306,0.21160409957993,2.48289636970425,3.70864483392973,1.13353660877672,1.62507453192681
1.308,0.199091782817905,2.48233240965134,3.70981491145332,1.14880737336492,1.60949053635208
1.31,0.187138644717428,2.47833223390899,3.71085413811354,1.16372250472383,1.59342410547986
1.312,0.175784312346039,2.47148081942016,3.71176648684274,1.17828307568246,1.57689725719692
1.314,0.164556163982234,2.46250084676604,3.71251334478827,1.19249063114347,1.55992855635796
1.316,0.153761425033539,2.45261952141207,3.71306140127804,1.20634750591788,1.54253392781539
1.318,0.144287903523977,2.44340676462267,3.71338577462166,1.21985750019237,1.52472913971882
1.32,0.136553562949844,2.43604751848898,3.71335986469528,1.23302658262409,1.50653358995211
1.322,0.130641458961871,2.43091107199845,3.71285208342635,1.24586311352902,1.48797218976141
1.324,0.126588389107038,2.42769863726724,3.71179699270883,1.25837757524487,1.46907461896478
1.326,0.124242048265123,2.42623589515191,3.71020723686986,1.27058158052356,1.44987403576264
1.328,0.123287424961601,2.42621835693323,3.70815969138791,1.28248587106664,1.43040573963132
1.33,0.123188253399515,2.42690308867784,3.70579378955361,1.29409904878755,1.41070432728044
1.332,0.123234922380268,2.42738940823715,3.70330543727809,1.30542755526563,1.39080291044794
1.334,0.122644647414798,2.42719438164373,3.70092072068907,1.31647682636725,1.37073228567213
1.336,0.121417974735971,2.42718757170722,3.69877897462018,1.3272524527471,1.35052283593845
1.338,0.119568943378321,2.42793473823775,3.69699643828498,1.33776123763014,1.3302066709247
1.34,0.116894327605772,2.42945828613819,3.69557283801095,1.34801168040081,1.30981781492861
1.342,0.112854136901019,2.43168763014833,3.69444149814123,1.35801350644428,1.28939174443045
1.344,0.106663582533908,2.43437279610439,3.69357075253956,1.36777619588053,1.26896428852742
1.346,0.0980937304435522,2.43717440589369,3.69292845099933,1.37730698892603,1.24856827970616
1.348,0.0878410303328551,2.44009523075812,3.69246869792449,1.38661064231444,1.2282300729652
1.35,0.0766602247863926,2.44260375984443,3.69216765565791,1.39569031250098,1.20796941334787
1.352,0.0649607591729382,2.44354628703402,3.69202343408932,1.40454874973862,1.18780097103655
1.354,0.0531503069102922,2.44103554160398,3.69203897614015,1.41318985272964,1.16773710537282
1.356,0.0422285655032491,2.43495745060669,3.69218177741673,1.42161906982608,1.14779003404737
1.358,0.0327679737432663,2.42760228123711,3.69237299877802,1.4298434772482,1.12797193285935
1.36,0.0248767860204715,2.42072311129712,3.69258360450179,1.43787104505037,1.10829365687235
1.362,0.0184165634102681,2.41543928363685,3.69281617818989,1.44570942581638,1.08876324413697
1.364,0.0130451654524458,2.4124046731825,3.69303689460784,1.45336546466385,1.06938353156233
1.366,0.00839061707180264,2.41208673325986,3.69317674903001,1.46084550155135,1.05015037892258
1.368,0.00394635743376472,2.4141082901142,3.69312758166563,1.46815605713309,1.03105399834228
1.37,-0.000610024732839091,2.41785145409698,3.69280126996635,1.47530498907193,1.01208339466011
1.372,-0.00535475789428662,2.42231912131586,3.69213301657848,1.48230255626483,0.993230028973798
1.374,-0.00994839914304187,2.42610288907816,3.69111539195115,1.48916244069288,0.974491690744729
1.376,-0.0140170118266593,2.42851479248688,3.68980264738781,1.49590229972051,0.955874206187784
1.378,-0.0176166622798721,2.431328633326,3.68825910360109,1.50254217672197,0.937386857836183
1.38,-0.020951884304581,2.4359328462285,3.68655166977531,1.50910310602651,0.919043188447097
1.382,-0.0238912586683124,2.44220968262747,3.68473815321588,1.51560616485579,0.900857345462871
1.384,-0.0263327976869335,2.44890604996852,3.68290436039702,1.52207306633164,0.882840771947033
1.386,-0.0279628103838912,2.45395830596648,3.68115786730714,1.52852699209663,0.86500257411164
1.388,-0.0283474341004697,2.45480822382049,3.67955259434375,1.53499361062528,0.847350898658416
1.39,-0.0275069112875,2.45106196820196,3.6781349090762,1.54150175238003,0.829896093953593
1.392,-0.025929539134212,2.44466311479659,3.67699694307348,1.54808332314979,0.812653052200714
1.394,-0.0239346115666375,2.43715684293385,3.67622291472419,1.55477235224669,0.795639297159683
1.396,-0.0214600629766154,2.42849901751658,3.67586083736684,1.56160337002289,0.778873506184794
1.398,-0.0183305890391914,2.41819728612297,3.67589020618212,1.56860977143256,0.762375422079977
1.4,-0.014734753871346,2.40791125776432,3.67623905400541,1.57582288627936,0.746163668218284
1.402,-0.0108582121779039,2.3991584839944,3.67680472340749,1.58327214551106,0.730252952509565
1.404,-0.00709608094271567,2.39338905161084,3.6774795861365,1.59098583747585,0.714653182633318
1.406,-0.00370723469447315,2.39130242267956,3.67817274453139,1.59899143349999,0.699371199132507
1.408,-0.000895988095192942,2.39250975450669,3.6788440608768,1.60731572817813,0.684413003514553
1.41,0.00134726019172084,2.39595593517008,3.67947475808557,1.61598409856861,0.669784022939785
1.412,0.00316197916568178,2.40051912998206,3.6800603178808,1.62501931687119,0.655487396369686
1.414,0.00448185080552725,2.40498856061961,3.68059996926183,1.63444023321073,0.641526424221418
1.416,0.00480087567591688,2.4073370355998,3.68108077613696,1.64426083137987,0.627904860757836
1.418,0.00323944996049589,2.40668476079193,3.68148383355148,1.65449052687054,0.614623118104509
1.42,-0.000814779232087596,2.40267837558261,3.68178636368186,1.66513517294806,0.601677362636546
1.422,-0.00673319067966297,2.39732877346271,3.68193673870103,1.67619751929528,0.589061501062445
1.424,-0.0136082756984565,2.39133567522038,3.68187688650703,1.68767766328822,0.576769285758648
1.426,-0.0204549939160714,2.38464478888235,3.68151083435779,1.69957381972952,0.564795139322352
1.428,-0.026669393779078,2.37781829935718,3.68076235429397,1.71188258994998,0.553135432059696
1.43,-0.0321001767422096,2.37180544613819,3.67958189793384,1.72459894096539,0.541788433064737
1.432,-0.0365806591863259,2.36739952589797,3.67789296143172,1.73771551794098,0.530754181662993
1.434,-0.040272401882412,2.36538095566188,3.67559464561704,1.75122189219025,0.520032261736169
1.436,-0.0436360374219113,2.36534739563679,3.67259020901813,1.76510419980368,0.509620030076732
1.438,-0.046888364625188,2.36696266945109,3.66882670041205,1.77934567339702,0.499511624131063
1.44,-0.049947423170181,2.36999901775957,3.66434037312082,1.79392745928284,0.489698422937198
1.442,-0.0527160573233476,2.37401182902375,3.65933169742229,1.80882941044501,0.480170182643801
1.444,-0.0551692173047171,2.37872136373469,3.65420302326776,1.82403095003972,0.470916809265146
1.446,-0.0571632289135979,2.38408700698322,3.64963611493623,1.83951130662078,0.461927671523379
1.448,-0.0587822089546191,2.3894902573753,3.64666663467728,1.85524940480773,0.453190932185586
1.45,-0.0599464705507491,2.39416346737038,3.64672159977052,1.87122344160724,0.444691603685857
1.452,-0.0607560380728995,2.3974602969345,3.65163761015283,1.88741054598264,0.43641000147632
1.454,-0.0613183959690507,2.39914820019582,3.66370340711706,1.90378691440881,0.428320495841791
1.456,-0.0617925155946335,2.39946518531559,3.68557309137414,1.9203283049207,0.420392258537177
1.458,-0.0619982152387952,2.39843462664073,3.72008951371417,1.93701073762515,0.412593371155475
1.46,-0.0617507323485455,2.39652634100719,3.77004918407736,1.95381111439101,0.404895533177121
1.462,-0.060843130712402,2.39464667317813,3.83781092298176,1.97070774266463,0.397276477385133
1.464,-0.0591551206333301,2.39352200398947,3.92473035248224,1.98768102051024,0.38972064640214
1.466,-0.0568483620234914,2.39308230121232,4.03097953065246,2.00471364544094,0.38221774210606
1.468,-0.0539410038154482,2.3927332281752,4.15550165103605,2.02179023242289,0.374759943138705
1.47,-0.0505365844623782,2.39188601248089,4.29583888162502,2.03889688123506,0.367339357625913
1.472,-0.0467357418627005,2.3904055273058,4.44805697025828,2.05602128592167,0.359945814873615
1.474,-0.0426992906749555,2.38836097902383,4.60740210126608,2.07315404817422,0.352567431545278
1.476,-0.0386891092238902,2.38611097640666,4.76879929304743,2.09028943556697,0.345194378427136
